game,day,CDA.score,CH.score,CDA.score.marketshare,CH.score.marketshare,CDA.score.profit,CH.score.profit,CDA.score.transactionrate,CH.score.transactionrate,CDA.profit,CH.profit,CDA.trader,CH.trader,CDA.fee.registration,CDA.fee.information,CDA.fee.shout,CDA.fee.transaction,CDA.fee.profit,CH.fee.registration,CH.fee.information,CH.fee.shout,CH.fee.transaction,CH.fee.profit,global.equilibrium.price
0,0,+0.492,+0.718,+0.475,+0.525,+0.267,+0.733,+0.733,+0.895,+28.088,+77.229,+19.000,+21.000,+0.100,+0.200,+0.300,+0.400,+0.100,+0.100,+0.200,+0.300,+0.400,+0.100,+103.637
0,1,+0.533,+0.704,+0.475,+0.525,+0.309,+0.691,+0.815,+0.895,+30.808,+69.053,+19.000,+21.000,+0.100,+0.200,+0.300,+0.400,+0.100,+0.100,+0.200,+0.300,+0.400,+0.100,+103.637
0,2,+0.485,+0.712,+0.475,+0.525,+0.271,+0.729,+0.710,+0.882,+27.354,+73.497,+19.000,+21.000,+0.100,+0.200,+0.300,+0.400,+0.100,+0.100,+0.200,+0.300,+0.400,+0.100,+103.637
0,3,+0.490,+0.729,+0.425,+0.575,+0.288,+0.712,+0.759,+0.900,+30.588,+75.695,+17.000,+23.000,+0.100,+0.200,+0.300,+0.400,+0.100,+0.100,+0.200,+0.300,+0.400,+0.100,+103.637
0,4,+0.476,+0.744,+0.425,+0.575,+0.243,+0.757,+0.759,+0.900,+25.720,+80.101,+17.000,+23.000,+0.100,+0.200,+0.300,+0.400,+0.100,+0.100,+0.200,+0.300,+0.400,+0.100,+103.637
0,5,+0.463,+0.750,+0.400,+0.600,+0.206,+0.794,+0.783,+0.857,+22.995,+88.594,+16.000,+24.000,+0.100,+0.200,+0.300,+0.400,+0.100,+0.100,+0.200,+0.300,+0.400,+0.100,+103.637
0,6,+0.444,+0.752,+0.400,+0.600,+0.212,+0.788,+0.720,+0.870,+22.830,+84.680,+16.000,+24.000,+0.100,+0.200,+0.300,+0.400,+0.100,+0.100,+0.200,+0.300,+0.400,+0.100,+103.637
0,7,+0.527,+0.684,+0.400,+0.600,+0.367,+0.633,+0.812,+0.821,+40.020,+68.966,+16.000,+24.000,+0.100,+0.200,+0.300,+0.400,+0.100,+0.100,+0.200,+0.300,+0.400,+0.100,+103.637
0,8,+0.474,+0.757,+0.375,+0.625,+0.232,+0.768,+0.815,+0.878,+22.595,+74.794,+15.000,+25.000,+0.100,+0.200,+0.300,+0.400,+0.100,+0.100,+0.200,+0.300,+0.400,+0.100,+103.637
0,9,+0.505,+0.741,+0.400,+0.600,+0.234,+0.766,+0.880,+0.857,+22.889,+75.038,+16.000,+24.000,+0.100,+0.200,+0.300,+0.400,+0.100,+0.100,+0.200,+0.300,+0.400,+0.100,+103.637
0,10,+0.475,+0.732,+0.425,+0.575,+0.243,+0.757,+0.759,+0.865,+22.633,+70.560,+17.000,+23.000,+0.100,+0.200,+0.300,+0.400,+0.100,+0.100,+0.200,+0.300,+0.400,+0.100,+103.637
0,11,+0.507,+0.756,+0.450,+0.550,+0.231,+0.769,+0.839,+0.947,+23.987,+79.933,+18.000,+22.000,+0.100,+0.200,+0.300,+0.400,+0.100,+0.100,+0.200,+0.300,+0.400,+0.100,+103.637
0,12,+0.429,+0.766,+0.375,+0.625,+0.184,+0.816,+0.727,+0.857,+18.219,+80.903,+15.000,+25.000,+0.100,+0.200,+0.300,+0.400,+0.100,+0.100,+0.200,+0.300,+0.400,+0.100,+103.637
0,13,+0.353,+0.836,+0.275,+0.725,+0.151,+0.849,+0.632,+0.933,+15.537,+87.384,+11.000,+29.000,+0.100,+0.200,+0.300,+0.400,+0.100,+0.100,+0.200,+0.300,+0.400,+0.100,+103.637
0,14,+0.427,+0.770,+0.325,+0.675,+0.236,+0.764,+0.720,+0.872,+23.877,+77.125,+13.000,+27.000,+0.100,+0.200,+0.300,+0.400,+0.100,+0.100,+0.200,+0.300,+0.400,+0.100,+103.637
0,15,+0.375,+0.800,+0.250,+0.750,+0.168,+0.832,+0.706,+0.818,+15.809,+78.055,+10.000,+30.000,+0.100,+0.200,+0.300,+0.400,+0.100,+0.100,+0.200,+0.300,+0.400,+0.100,+103.637
0,16,+0.474,+0.779,+0.275,+0.725,+0.239,+0.761,+0.909,+0.850,+26.192,+83.582,+11.000,+29.000,+0.100,+0.200,+0.300,+0.400,+0.100,+0.100,+0.200,+0.300,+0.400,+0.100,+103.637
0,17,+0.488,+0.758,+0.375,+0.625,+0.209,+0.791,+0.880,+0.857,+21.145,+79.958,+15.000,+25.000,+0.100,+0.200,+0.300,+0.400,+0.100,+0.100,+0.200,+0.300,+0.400,+0.100,+103.637
0,18,+0.399,+0.801,+0.325,+0.675,+0.207,+0.793,+0.667,+0.933,+20.802,+79.911,+13.000,+27.000,+0.100,+0.200,+0.300,+0.400,+0.100,+0.100,+0.200,+0.300,+0.400,+0.100,+103.637
0,19,+0.397,+0.836,+0.250,+0.750,+0.162,+0.838,+0.778,+0.920,+17.035,+87.796,+10.000,+30.000,+0.100,+0.200,+0.300,+0.400,+0.100,+0.100,+0.200,+0.300,+0.400,+0.100,+103.637
0,20,+0.406,+0.818,+0.325,+0.675,+0.157,+0.843,+0.737,+0.936,+14.281,+76.463,+13.000,+27.000,+0.100,+0.200,+0.300,+0.400,+0.100,+0.100,+0.200,+0.300,+0.400,+0.100,+103.637
0,21,+0.402,+0.817,+0.250,+0.750,+0.177,+0.823,+0.778,+0.878,+14.844,+68.976,+10.000,+30.000,+0.100,+0.200,+0.300,+0.400,+0.100,+0.100,+0.200,+0.300,+0.400,+0.100,+103.637
0,22,+0.410,+0.806,+0.275,+0.725,+0.176,+0.824,+0.778,+0.870,+16.682,+77.958,+11.000,+29.000,+0.100,+0.200,+0.300,+0.400,+0.100,+0.100,+0.200,+0.300,+0.400,+0.100,+103.637
0,23,+0.490,+0.766,+0.350,+0.650,+0.251,+0.749,+0.870,+0.900,+26.997,+80.461,+14.000,+26.000,+0.100,+0.200,+0.300,+0.400,+0.100,+0.100,+0.200,+0.300,+0.400,+0.100,+103.637
0,24,+0.454,+0.800,+0.300,+0.700,+0.193,+0.807,+0.870,+0.894,+21.446,+89.406,+12.000,+28.000,+0.100,+0.200,+0.300,+0.400,+0.100,+0.100,+0.200,+0.300,+0.400,+0.100,+103.637
0,25,+0.453,+0.738,+0.400,+0.600,+0.265,+0.735,+0.692,+0.878,+30.553,+84.550,+16.000,+24.000,+0.100,+0.200,+0.300,+0.400,+0.100,+0.100,+0.200,+0.300,+0.400,+0.100,+103.637
0,26,+0.423,+0.813,+0.250,+0.750,+0.176,+0.824,+0.842,+0.864,+20.537,+96.285,+10.000,+30.000,+0.100,+0.200,+0.300,+0.400,+0.100,+0.100,+0.200,+0.300,+0.400,+0.100,+103.637
0,27,+0.486,+0.744,+0.325,+0.675,+0.294,+0.706,+0.839,+0.850,+31.218,+75.095,+13.000,+27.000,+0.100,+0.200,+0.300,+0.400,+0.100,+0.100,+0.200,+0.300,+0.400,+0.100,+103.637
0,28,+0.428,+0.777,+0.325,+0.675,+0.221,+0.779,+0.737,+0.878,+21.804,+76.840,+13.000,+27.000,+0.100,+0.200,+0.300,+0.400,+0.100,+0.100,+0.200,+0.300,+0.400,+0.100,+103.637
0,29,+0.372,+0.820,+0.250,+0.750,+0.165,+0.835,+0.700,+0.875,+18.143,+91.700,+10.000,+30.000,+0.100,+0.200,+0.300,+0.400,+0.100,+0.100,+0.200,+0.300,+0.400,+0.100,+103.637
0,30,+0.425,+0.851,+0.200,+0.800,+0.151,+0.849,+0.923,+0.906,+15.555,+87.334,+8.000,+32.000,+0.100,+0.200,+0.300,+0.400,+0.100,+0.100,+0.200,+0.300,+0.400,+0.100,+103.637
0,31,+0.456,+0.776,+0.275,+0.725,+0.236,+0.764,+0.857,+0.840,+23.624,+76.382,+11.000,+29.000,+0.100,+0.200,+0.300,+0.400,+0.100,+0.100,+0.200,+0.300,+0.400,+0.100,+103.637
0,32,+0.438,+0.768,+0.300,+0.700,+0.286,+0.714,+0.727,+0.889,+28.004,+69.997,+12.000,+28.000,+0.100,+0.200,+0.300,+0.400,+0.100,+0.100,+0.200,+0.300,+0.400,+0.100,+103.637
0,33,+0.501,+0.712,+0.325,+0.675,+0.288,+0.712,+0.889,+0.750,+25.600,+63.282,+13.000,+27.000,+0.100,+0.200,+0.300,+0.400,+0.100,+0.100,+0.200,+0.300,+0.400,+0.100,+103.637
0,34,+0.488,+0.708,+0.425,+0.575,+0.280,+0.720,+0.759,+0.829,+29.106,+74.978,+17.000,+23.000,+0.100,+0.200,+0.300,+0.400,+0.100,+0.100,+0.200,+0.300,+0.400,+0.100,+103.637
0,35,+0.478,+0.761,+0.325,+0.675,+0.293,+0.707,+0.815,+0.900,+31.836,+76.714,+13.000,+27.000,+0.100,+0.200,+0.300,+0.400,+0.100,+0.100,+0.200,+0.300,+0.400,+0.100,+103.637
0,36,+0.460,+0.789,+0.325,+0.675,+0.236,+0.764,+0.818,+0.927,+23.159,+75.084,+13.000,+27.000,+0.100,+0.200,+0.300,+0.400,+0.100,+0.100,+0.200,+0.300,+0.400,+0.100,+103.637
0,37,+0.476,+0.778,+0.300,+0.700,+0.294,+0.706,+0.833,+0.927,+28.779,+69.116,+12.000,+28.000,+0.100,+0.200,+0.300,+0.400,+0.100,+0.100,+0.200,+0.300,+0.400,+0.100,+103.637
0,38,+0.601,+0.634,+0.475,+0.525,+0.458,+0.542,+0.872,+0.833,+46.598,+55.231,+19.000,+21.000,+0.100,+0.200,+0.300,+0.400,+0.100,+0.100,+0.200,+0.300,+0.400,+0.100,+103.637
0,39,+0.567,+0.655,+0.450,+0.550,+0.409,+0.591,+0.842,+0.824,+45.016,+65.058,+18.000,+22.000,+0.100,+0.200,+0.300,+0.400,+0.100,+0.100,+0.200,+0.300,+0.400,+0.100,+103.637
0,40,+0.518,+0.714,+0.400,+0.600,+0.353,+0.647,+0.800,+0.895,+31.601,+57.941,+16.000,+24.000,+0.100,+0.200,+0.300,+0.400,+0.100,+0.100,+0.200,+0.300,+0.400,+0.100,+103.637
0,41,+0.483,+0.712,+0.400,+0.600,+0.298,+0.702,+0.750,+0.833,+28.120,+66.268,+16.000,+24.000,+0.100,+0.200,+0.300,+0.400,+0.100,+0.100,+0.200,+0.300,+0.400,+0.100,+103.637
0,42,+0.514,+0.740,+0.400,+0.600,+0.318,+0.682,+0.824,+0.938,+33.892,+72.734,+16.000,+24.000,+0.100,+0.200,+0.300,+0.400,+0.100,+0.100,+0.200,+0.300,+0.400,+0.100,+103.637
0,43,+0.526,+0.728,+0.400,+0.600,+0.312,+0.688,+0.867,+0.895,+32.331,+71.246,+16.000,+24.000,+0.100,+0.200,+0.300,+0.400,+0.100,+0.100,+0.200,+0.300,+0.400,+0.100,+103.637
0,44,+0.628,+0.619,+0.500,+0.500,+0.501,+0.499,+0.884,+0.857,+51.823,+51.619,+20.000,+20.000,+0.100,+0.200,+0.300,+0.400,+0.100,+0.100,+0.200,+0.300,+0.400,+0.100,+103.637
0,45,+0.561,+0.643,+0.450,+0.550,+0.410,+0.590,+0.824,+0.788,+31.933,+45.964,+18.000,+22.000,+0.100,+0.200,+0.300,+0.400,+0.100,+0.100,+0.200,+0.300,+0.400,+0.100,+103.637
0,46,+0.545,+0.677,+0.450,+0.550,+0.386,+0.614,+0.800,+0.867,+37.229,+59.215,+18.000,+22.000,+0.100,+0.200,+0.300,+0.400,+0.100,+0.100,+0.200,+0.300,+0.400,+0.100,+103.637
0,47,+0.548,+0.693,+0.400,+0.600,+0.411,+0.589,+0.833,+0.889,+38.766,+55.552,+16.000,+24.000,+0.100,+0.200,+0.300,+0.400,+0.100,+0.100,+0.200,+0.300,+0.400,+0.100,+103.637
0,48,+0.475,+0.750,+0.375,+0.625,+0.316,+0.684,+0.733,+0.941,+28.269,+61.319,+15.000,+25.000,+0.100,+0.200,+0.300,+0.400,+0.100,+0.100,+0.200,+0.300,+0.400,+0.100,+103.637
0,49,+0.537,+0.659,+0.450,+0.550,+0.373,+0.627,+0.788,+0.800,+35.472,+59.527,+18.000,+22.000,+0.100,+0.200,+0.300,+0.400,+0.100,+0.100,+0.200,+0.300,+0.400,+0.100,+103.637
0,50,+0.545,+0.655,+0.400,+0.600,+0.386,+0.614,+0.848,+0.750,+32.333,+51.409,+16.000,+24.000,+0.100,+0.200,+0.300,+0.400,+0.100,+0.100,+0.200,+0.300,+0.400,+0.100,+103.637
0,51,+0.596,+0.572,+0.475,+0.525,+0.500,+0.500,+0.812,+0.692,+35.475,+35.433,+19.000,+21.000,+0.100,+0.200,+0.300,+0.400,+0.100,+0.100,+0.200,+0.300,+0.400,+0.100,+103.637
0,52,+0.558,+0.658,+0.425,+0.575,+0.439,+0.561,+0.811,+0.839,+39.664,+50.772,+17.000,+23.000,+0.100,+0.200,+0.300,+0.400,+0.100,+0.100,+0.200,+0.300,+0.400,+0.100,+103.637
0,53,+0.452,+0.738,+0.375,+0.625,+0.290,+0.710,+0.690,+0.878,+27.104,+66.258,+15.000,+25.000,+0.100,+0.200,+0.300,+0.400,+0.100,+0.100,+0.200,+0.300,+0.400,+0.100,+103.637
0,54,+0.532,+0.668,+0.425,+0.575,+0.359,+0.641,+0.812,+0.788,+33.253,+59.417,+17.000,+23.000,+0.100,+0.200,+0.300,+0.400,+0.100,+0.100,+0.200,+0.300,+0.400,+0.100,+103.637
0,55,+0.465,+0.749,+0.350,+0.650,+0.245,+0.755,+0.800,+0.842,+22.873,+70.662,+14.000,+26.000,+0.100,+0.200,+0.300,+0.400,+0.100,+0.100,+0.200,+0.300,+0.400,+0.100,+103.637
0,56,+0.570,+0.696,+0.375,+0.625,+0.431,+0.569,+0.903,+0.895,+39.403,+52.039,+15.000,+25.000,+0.100,+0.200,+0.300,+0.400,+0.100,+0.100,+0.200,+0.300,+0.400,+0.100,+103.637
0,57,+0.613,+0.587,+0.425,+0.575,+0.556,+0.444,+0.857,+0.743,+48.098,+38.343,+17.000,+23.000,+0.100,+0.200,+0.300,+0.400,+0.100,+0.100,+0.200,+0.300,+0.400,+0.100,+103.637
0,58,+0.489,+0.772,+0.350,+0.650,+0.261,+0.739,+0.857,+0.927,+23.542,+66.607,+14.000,+26.000,+0.100,+0.200,+0.300,+0.400,+0.100,+0.100,+0.200,+0.300,+0.400,+0.100,+103.637
0,59,+0.494,+0.785,+0.300,+0.700,+0.260,+0.740,+0.923,+0.914,+26.321,+75.018,+12.000,+28.000,+0.100,+0.200,+0.300,+0.400,+0.100,+0.100,+0.200,+0.300,+0.400,+0.100,+103.637
0,60,+0.484,+0.715,+0.375,+0.625,+0.290,+0.710,+0.786,+0.810,+28.061,+68.765,+15.000,+25.000,+0.100,+0.200,+0.300,+0.400,+0.100,+0.100,+0.200,+0.300,+0.400,+0.100,+103.637
0,61,+0.523,+0.732,+0.375,+0.625,+0.337,+0.663,+0.857,+0.909,+28.978,+56.998,+15.000,+25.000,+0.100,+0.200,+0.300,+0.400,+0.100,+0.100,+0.200,+0.300,+0.400,+0.100,+103.637
0,62,+0.533,+0.729,+0.350,+0.650,+0.320,+0.680,+0.929,+0.857,+33.703,+71.460,+14.000,+26.000,+0.100,+0.200,+0.300,+0.400,+0.100,+0.100,+0.200,+0.300,+0.400,+0.100,+103.637
0,63,+0.507,+0.721,+0.375,+0.625,+0.334,+0.666,+0.812,+0.872,+35.022,+69.855,+15.000,+25.000,+0.100,+0.200,+0.300,+0.400,+0.100,+0.100,+0.200,+0.300,+0.400,+0.100,+103.637
0,64,+0.520,+0.687,+0.375,+0.625,+0.397,+0.603,+0.788,+0.833,+37.301,+56.719,+15.000,+25.000,+0.100,+0.200,+0.300,+0.400,+0.100,+0.100,+0.200,+0.300,+0.400,+0.100,+103.637
0,65,+0.540,+0.706,+0.375,+0.625,+0.397,+0.603,+0.848,+0.889,+37.520,+57.051,+15.000,+25.000,+0.100,+0.200,+0.300,+0.400,+0.100,+0.100,+0.200,+0.300,+0.400,+0.100,+103.637
0,66,+0.535,+0.748,+0.325,+0.675,+0.339,+0.661,+0.941,+0.909,+35.494,+69.070,+13.000,+27.000,+0.100,+0.200,+0.300,+0.400,+0.100,+0.100,+0.200,+0.300,+0.400,+0.100,+103.637
0,67,+0.492,+0.707,+0.350,+0.650,+0.357,+0.643,+0.769,+0.828,+31.645,+57.093,+14.000,+26.000,+0.100,+0.200,+0.300,+0.400,+0.100,+0.100,+0.200,+0.300,+0.400,+0.100,+103.637
0,68,+0.480,+0.771,+0.300,+0.700,+0.250,+0.750,+0.889,+0.864,+31.565,+94.729,+12.000,+28.000,+0.100,+0.200,+0.300,+0.400,+0.100,+0.100,+0.200,+0.300,+0.400,+0.100,+103.637
0,69,+0.488,+0.742,+0.325,+0.675,+0.339,+0.661,+0.800,+0.889,+31.693,+61.890,+13.000,+27.000,+0.100,+0.200,+0.300,+0.400,+0.100,+0.100,+0.200,+0.300,+0.400,+0.100,+103.637
0,70,+0.486,+0.722,+0.375,+0.625,+0.323,+0.677,+0.759,+0.865,+29.280,+61.323,+15.000,+25.000,+0.100,+0.200,+0.300,+0.400,+0.100,+0.100,+0.200,+0.300,+0.400,+0.100,+103.637
0,71,+0.517,+0.688,+0.350,+0.650,+0.375,+0.625,+0.828,+0.788,+30.593,+51.083,+14.000,+26.000,+0.100,+0.200,+0.300,+0.400,+0.100,+0.100,+0.200,+0.300,+0.400,+0.100,+103.637
0,72,+0.503,+0.764,+0.275,+0.725,+0.304,+0.696,+0.929,+0.872,+29.256,+66.970,+11.000,+29.000,+0.100,+0.200,+0.300,+0.400,+0.100,+0.100,+0.200,+0.300,+0.400,+0.100,+103.637
0,73,+0.425,+0.769,+0.300,+0.700,+0.249,+0.751,+0.727,+0.857,+25.678,+77.533,+12.000,+28.000,+0.100,+0.200,+0.300,+0.400,+0.100,+0.100,+0.200,+0.300,+0.400,+0.100,+103.637
0,74,+0.444,+0.766,+0.300,+0.700,+0.281,+0.719,+0.750,+0.878,+22.965,+58.666,+12.000,+28.000,+0.100,+0.200,+0.300,+0.400,+0.100,+0.100,+0.200,+0.300,+0.400,+0.100,+103.637
0,75,+0.457,+0.776,+0.275,+0.725,+0.255,+0.745,+0.842,+0.857,+23.079,+67.342,+11.000,+29.000,+0.100,+0.200,+0.300,+0.400,+0.100,+0.100,+0.200,+0.300,+0.400,+0.100,+103.637
0,76,+0.436,+0.798,+0.275,+0.725,+0.214,+0.786,+0.818,+0.884,+21.805,+80.293,+11.000,+29.000,+0.100,+0.200,+0.300,+0.400,+0.100,+0.100,+0.200,+0.300,+0.400,+0.100,+103.637
0,77,+0.470,+0.785,+0.300,+0.700,+0.295,+0.705,+0.815,+0.950,+29.799,+71.270,+12.000,+28.000,+0.100,+0.200,+0.300,+0.400,+0.100,+0.100,+0.200,+0.300,+0.400,+0.100,+103.637
0,78,+0.511,+0.759,+0.350,+0.650,+0.274,+0.726,+0.909,+0.900,+24.296,+64.411,+14.000,+26.000,+0.100,+0.200,+0.300,+0.400,+0.100,+0.100,+0.200,+0.300,+0.400,+0.100,+103.637
0,79,+0.453,+0.756,+0.325,+0.675,+0.272,+0.728,+0.762,+0.864,+22.313,+59.777,+13.000,+27.000,+0.100,+0.200,+0.300,+0.400,+0.100,+0.100,+0.200,+0.300,+0.400,+0.100,+103.637
1,0,+0.525,+0.708,+0.475,+0.525,+0.272,+0.728,+0.828,+0.872,+25.944,+69.557,+19.000,+21.000,+0.100,+0.200,+0.300,+0.400,+0.100,+0.100,+0.200,+0.300,+0.400,+0.100,+103.637
1,1,+0.510,+0.682,+0.500,+0.500,+0.297,+0.703,+0.733,+0.842,+25.491,+60.394,+20.000,+20.000,+0.100,+0.200,+0.300,+0.400,+0.100,+0.100,+0.200,+0.300,+0.400,+0.100,+103.637
1,2,+0.462,+0.754,+0.375,+0.625,+0.212,+0.788,+0.800,+0.850,+20.283,+75.566,+15.000,+25.000,+0.100,+0.200,+0.300,+0.400,+0.100,+0.100,+0.200,+0.300,+0.400,+0.100,+103.637
1,3,+0.525,+0.688,+0.450,+0.550,+0.351,+0.649,+0.774,+0.865,+31.806,+58.893,+18.000,+22.000,+0.100,+0.200,+0.300,+0.400,+0.100,+0.100,+0.200,+0.300,+0.400,+0.100,+103.637
1,4,+0.469,+0.742,+0.450,+0.550,+0.242,+0.758,+0.714,+0.919,+22.224,+69.678,+18.000,+22.000,+0.100,+0.200,+0.300,+0.400,+0.100,+0.100,+0.200,+0.300,+0.400,+0.100,+103.637
1,5,+0.458,+0.754,+0.425,+0.575,+0.228,+0.772,+0.720,+0.914,+19.496,+65.841,+17.000,+23.000,+0.100,+0.200,+0.300,+0.400,+0.100,+0.100,+0.200,+0.300,+0.400,+0.100,+103.637
1,6,+0.484,+0.741,+0.425,+0.575,+0.210,+0.790,+0.818,+0.857,+23.257,+87.706,+17.000,+23.000,+0.100,+0.200,+0.300,+0.400,+0.100,+0.100,+0.200,+0.300,+0.400,+0.100,+103.637
1,7,+0.432,+0.755,+0.425,+0.575,+0.206,+0.794,+0.667,+0.895,+21.342,+82.459,+17.000,+23.000,+0.100,+0.200,+0.300,+0.400,+0.100,+0.100,+0.200,+0.300,+0.400,+0.100,+103.637
1,8,+0.477,+0.715,+0.425,+0.575,+0.272,+0.728,+0.733,+0.842,+24.442,+65.363,+17.000,+23.000,+0.100,+0.200,+0.300,+0.400,+0.100,+0.100,+0.200,+0.300,+0.400,+0.100,+103.637
1,9,+0.427,+0.772,+0.375,+0.625,+0.187,+0.813,+0.720,+0.878,+19.090,+83.157,+15.000,+25.000,+0.100,+0.200,+0.300,+0.400,+0.100,+0.100,+0.200,+0.300,+0.400,+0.100,+103.637
1,10,+0.457,+0.729,+0.375,+0.625,+0.303,+0.697,+0.692,+0.865,+28.319,+65.092,+15.000,+25.000,+0.100,+0.200,+0.300,+0.400,+0.100,+0.100,+0.200,+0.300,+0.400,+0.100,+103.637
1,11,+0.484,+0.742,+0.375,+0.625,+0.208,+0.792,+0.870,+0.810,+20.182,+76.759,+15.000,+25.000,+0.100,+0.200,+0.300,+0.400,+0.100,+0.100,+0.200,+0.300,+0.400,+0.100,+103.637
1,12,+0.498,+0.766,+0.400,+0.600,+0.207,+0.793,+0.889,+0.905,+20.987,+80.602,+16.000,+24.000,+0.100,+0.200,+0.300,+0.400,+0.100,+0.100,+0.200,+0.300,+0.400,+0.100,+103.637
1,13,+0.408,+0.778,+0.425,+0.575,+0.134,+0.866,+0.667,+0.894,+13.244,+85.745,+17.000,+23.000,+0.100,+0.200,+0.300,+0.400,+0.100,+0.100,+0.200,+0.300,+0.400,+0.100,+103.637
1,14,+0.494,+0.739,+0.425,+0.575,+0.222,+0.778,+0.833,+0.865,+20.314,+71.121,+17.000,+23.000,+0.100,+0.200,+0.300,+0.400,+0.100,+0.100,+0.200,+0.300,+0.400,+0.100,+103.637
1,15,+0.449,+0.755,+0.400,+0.600,+0.197,+0.803,+0.750,+0.864,+18.871,+76.730,+16.000,+24.000,+0.100,+0.200,+0.300,+0.400,+0.100,+0.100,+0.200,+0.300,+0.400,+0.100,+103.637
1,16,+0.503,+0.731,+0.425,+0.575,+0.228,+0.772,+0.857,+0.844,+25.895,+87.918,+17.000,+23.000,+0.100,+0.200,+0.300,+0.400,+0.100,+0.100,+0.200,+0.300,+0.400,+0.100,+103.637
1,17,+0.464,+0.732,+0.475,+0.525,+0.197,+0.803,+0.720,+0.870,+20.167,+82.098,+19.000,+21.000,+0.100,+0.200,+0.300,+0.400,+0.100,+0.100,+0.200,+0.300,+0.400,+0.100,+103.637
1,18,+0.462,+0.755,+0.425,+0.575,+0.179,+0.821,+0.783,+0.870,+18.466,+84.981,+17.000,+23.000,+0.100,+0.200,+0.300,+0.400,+0.100,+0.100,+0.200,+0.300,+0.400,+0.100,+103.637
1,19,+0.445,+0.778,+0.425,+0.575,+0.160,+0.840,+0.750,+0.920,+17.547,+91.952,+17.000,+23.000,+0.100,+0.200,+0.300,+0.400,+0.100,+0.100,+0.200,+0.300,+0.400,+0.100,+103.637
1,20,+0.446,+0.718,+0.525,+0.475,+0.204,+0.796,+0.609,+0.884,+19.517,+76.078,+21.000,+19.000,+0.100,+0.200,+0.300,+0.400,+0.100,+0.100,+0.200,+0.300,+0.400,+0.100,+103.637
1,21,+0.481,+0.689,+0.500,+0.500,+0.298,+0.702,+0.645,+0.865,+33.815,+79.845,+20.000,+20.000,+0.100,+0.200,+0.300,+0.400,+0.100,+0.100,+0.200,+0.300,+0.400,+0.100,+103.637
1,22,+0.426,+0.768,+0.400,+0.600,+0.173,+0.827,+0.706,+0.878,+14.826,+70.954,+16.000,+24.000,+0.100,+0.200,+0.300,+0.400,+0.100,+0.100,+0.200,+0.300,+0.400,+0.100,+103.637
1,23,+0.491,+0.698,+0.475,+0.525,+0.331,+0.669,+0.667,+0.900,+36.949,+74.676,+19.000,+21.000,+0.100,+0.200,+0.300,+0.400,+0.100,+0.100,+0.200,+0.300,+0.400,+0.100,+103.637
1,24,+0.486,+0.748,+0.450,+0.550,+0.226,+0.774,+0.783,+0.919,+21.028,+72.200,+18.000,+22.000,+0.100,+0.200,+0.300,+0.400,+0.100,+0.100,+0.200,+0.300,+0.400,+0.100,+103.637
1,25,+0.502,+0.717,+0.425,+0.575,+0.282,+0.718,+0.800,+0.857,+26.967,+68.527,+17.000,+23.000,+0.100,+0.200,+0.300,+0.400,+0.100,+0.100,+0.200,+0.300,+0.400,+0.100,+103.637
1,26,+0.521,+0.693,+0.500,+0.500,+0.264,+0.736,+0.800,+0.842,+22.858,+63.691,+20.000,+20.000,+0.100,+0.200,+0.300,+0.400,+0.100,+0.100,+0.200,+0.300,+0.400,+0.100,+103.637
1,27,+0.459,+0.756,+0.400,+0.600,+0.226,+0.774,+0.750,+0.895,+21.511,+73.570,+16.000,+24.000,+0.100,+0.200,+0.300,+0.400,+0.100,+0.100,+0.200,+0.300,+0.400,+0.100,+103.637
1,28,+0.454,+0.756,+0.425,+0.575,+0.186,+0.814,+0.750,+0.878,+18.721,+81.700,+17.000,+23.000,+0.100,+0.200,+0.300,+0.400,+0.100,+0.100,+0.200,+0.300,+0.400,+0.100,+103.637
1,29,+0.498,+0.716,+0.425,+0.575,+0.268,+0.732,+0.800,+0.842,+26.263,+71.591,+17.000,+23.000,+0.100,+0.200,+0.300,+0.400,+0.100,+0.100,+0.200,+0.300,+0.400,+0.100,+103.637
1,30,+0.450,+0.796,+0.325,+0.675,+0.183,+0.817,+0.842,+0.895,+18.421,+82.273,+13.000,+27.000,+0.100,+0.200,+0.300,+0.400,+0.100,+0.100,+0.200,+0.300,+0.400,+0.100,+103.637
1,31,+0.488,+0.714,+0.425,+0.575,+0.270,+0.730,+0.769,+0.837,+26.839,+72.679,+17.000,+23.000,+0.100,+0.200,+0.300,+0.400,+0.100,+0.100,+0.200,+0.300,+0.400,+0.100,+103.637
1,32,+0.558,+0.677,+0.450,+0.550,+0.375,+0.625,+0.848,+0.857,+42.862,+71.494,+18.000,+22.000,+0.100,+0.200,+0.300,+0.400,+0.100,+0.100,+0.200,+0.300,+0.400,+0.100,+103.637
1,33,+0.502,+0.722,+0.450,+0.550,+0.241,+0.759,+0.815,+0.857,+22.114,+69.503,+18.000,+22.000,+0.100,+0.200,+0.300,+0.400,+0.100,+0.100,+0.200,+0.300,+0.400,+0.100,+103.637
1,34,+0.574,+0.653,+0.525,+0.475,+0.316,+0.684,+0.882,+0.800,+31.347,+67.909,+21.000,+19.000,+0.100,+0.200,+0.300,+0.400,+0.100,+0.100,+0.200,+0.300,+0.400,+0.100,+103.637
1,35,+0.567,+0.666,+0.525,+0.475,+0.300,+0.700,+0.875,+0.824,+28.384,+66.148,+21.000,+19.000,+0.100,+0.200,+0.300,+0.400,+0.100,+0.100,+0.200,+0.300,+0.400,+0.100,+103.637
1,36,+0.592,+0.633,+0.600,+0.400,+0.302,+0.698,+0.875,+0.800,+28.298,+65.307,+24.000,+16.000,+0.100,+0.200,+0.300,+0.400,+0.100,+0.100,+0.200,+0.300,+0.400,+0.100,+103.637
1,37,+0.575,+0.689,+0.550,+0.450,+0.352,+0.648,+0.824,+0.968,+31.917,+58.763,+22.000,+18.000,+0.100,+0.200,+0.300,+0.400,+0.100,+0.100,+0.200,+0.300,+0.400,+0.100,+103.637
1,38,+0.529,+0.705,+0.450,+0.550,+0.325,+0.675,+0.812,+0.889,+33.088,+68.721,+18.000,+22.000,+0.100,+0.200,+0.300,+0.400,+0.100,+0.100,+0.200,+0.300,+0.400,+0.100,+103.637
1,39,+0.539,+0.713,+0.500,+0.500,+0.251,+0.749,+0.867,+0.889,+27.141,+81.181,+20.000,+20.000,+0.100,+0.200,+0.300,+0.400,+0.100,+0.100,+0.200,+0.300,+0.400,+0.100,+103.637
1,40,+0.582,+0.664,+0.550,+0.450,+0.314,+0.686,+0.882,+0.857,+32.113,+70.097,+22.000,+18.000,+0.100,+0.200,+0.300,+0.400,+0.100,+0.100,+0.200,+0.300,+0.400,+0.100,+103.637
1,41,+0.558,+0.686,+0.525,+0.475,+0.283,+0.717,+0.867,+0.865,+32.041,+81.168,+21.000,+19.000,+0.100,+0.200,+0.300,+0.400,+0.100,+0.100,+0.200,+0.300,+0.400,+0.100,+103.637
1,42,+0.484,+0.745,+0.475,+0.525,+0.190,+0.810,+0.786,+0.900,+22.817,+97.080,+19.000,+21.000,+0.100,+0.200,+0.300,+0.400,+0.100,+0.100,+0.200,+0.300,+0.400,+0.100,+103.637
1,43,+0.517,+0.754,+0.450,+0.550,+0.214,+0.786,+0.889,+0.927,+23.821,+87.713,+18.000,+22.000,+0.100,+0.200,+0.300,+0.400,+0.100,+0.100,+0.200,+0.300,+0.400,+0.100,+103.637
1,44,+0.560,+0.690,+0.425,+0.575,+0.346,+0.654,+0.909,+0.842,+34.327,+64.900,+17.000,+23.000,+0.100,+0.200,+0.300,+0.400,+0.100,+0.100,+0.200,+0.300,+0.400,+0.100,+103.637
1,45,+0.463,+0.767,+0.375,+0.625,+0.213,+0.787,+0.800,+0.889,+21.853,+80.632,+15.000,+25.000,+0.100,+0.200,+0.300,+0.400,+0.100,+0.100,+0.200,+0.300,+0.400,+0.100,+103.637
1,46,+0.453,+0.781,+0.325,+0.675,+0.217,+0.783,+0.818,+0.884,+23.085,+83.219,+13.000,+27.000,+0.100,+0.200,+0.300,+0.400,+0.100,+0.100,+0.200,+0.300,+0.400,+0.100,+103.637
1,47,+0.468,+0.742,+0.375,+0.625,+0.279,+0.721,+0.750,+0.878,+25.979,+67.292,+15.000,+25.000,+0.100,+0.200,+0.300,+0.400,+0.100,+0.100,+0.200,+0.300,+0.400,+0.100,+103.637
1,48,+0.542,+0.700,+0.450,+0.550,+0.364,+0.636,+0.812,+0.914,+41.085,+71.902,+18.000,+22.000,+0.100,+0.200,+0.300,+0.400,+0.100,+0.100,+0.200,+0.300,+0.400,+0.100,+103.637
1,49,+0.331,+0.840,+0.275,+0.725,+0.102,+0.898,+0.615,+0.898,+11.050,+96.971,+11.000,+29.000,+0.100,+0.200,+0.300,+0.400,+0.100,+0.100,+0.200,+0.300,+0.400,+0.100,+103.637
1,50,+0.488,+0.772,+0.300,+0.700,+0.241,+0.759,+0.923,+0.857,+26.356,+83.138,+12.000,+28.000,+0.100,+0.200,+0.300,+0.400,+0.100,+0.100,+0.200,+0.300,+0.400,+0.100,+103.637
1,51,+0.464,+0.755,+0.350,+0.650,+0.256,+0.744,+0.786,+0.872,+26.300,+76.523,+14.000,+26.000,+0.100,+0.200,+0.300,+0.400,+0.100,+0.100,+0.200,+0.300,+0.400,+0.100,+103.637
1,52,+0.461,+0.757,+0.325,+0.675,+0.226,+0.774,+0.833,+0.821,+22.501,+77.083,+13.000,+27.000,+0.100,+0.200,+0.300,+0.400,+0.100,+0.100,+0.200,+0.300,+0.400,+0.100,+103.637
1,53,+0.393,+0.809,+0.250,+0.750,+0.166,+0.834,+0.762,+0.844,+16.833,+84.432,+10.000,+30.000,+0.100,+0.200,+0.300,+0.400,+0.100,+0.100,+0.200,+0.300,+0.400,+0.100,+103.637
1,54,+0.488,+0.760,+0.300,+0.700,+0.298,+0.702,+0.867,+0.878,+25.959,+61.140,+12.000,+28.000,+0.100,+0.200,+0.300,+0.400,+0.100,+0.100,+0.200,+0.300,+0.400,+0.100,+103.637
1,55,+0.478,+0.767,+0.350,+0.650,+0.250,+0.750,+0.833,+0.900,+24.099,+72.225,+14.000,+26.000,+0.100,+0.200,+0.300,+0.400,+0.100,+0.100,+0.200,+0.300,+0.400,+0.100,+103.637
1,56,+0.471,+0.745,+0.300,+0.700,+0.343,+0.657,+0.769,+0.878,+30.481,+58.395,+12.000,+28.000,+0.100,+0.200,+0.300,+0.400,+0.100,+0.100,+0.200,+0.300,+0.400,+0.100,+103.637
1,57,+0.351,+0.820,+0.225,+0.775,+0.160,+0.840,+0.667,+0.844,+12.710,+66.516,+9.000,+31.000,+0.100,+0.200,+0.300,+0.400,+0.100,+0.100,+0.200,+0.300,+0.400,+0.100,+103.637
1,58,+0.380,+0.815,+0.250,+0.750,+0.189,+0.811,+0.700,+0.884,+16.266,+69.703,+10.000,+30.000,+0.100,+0.200,+0.300,+0.400,+0.100,+0.100,+0.200,+0.300,+0.400,+0.100,+103.637
1,59,+0.327,+0.847,+0.225,+0.775,+0.168,+0.832,+0.588,+0.933,+18.291,+90.386,+9.000,+31.000,+0.100,+0.200,+0.300,+0.400,+0.100,+0.100,+0.200,+0.300,+0.400,+0.100,+103.637
1,60,+0.370,+0.776,+0.275,+0.725,+0.236,+0.764,+0.600,+0.837,+20.424,+66.236,+11.000,+29.000,+0.100,+0.200,+0.300,+0.400,+0.100,+0.100,+0.200,+0.300,+0.400,+0.100,+103.637
1,61,+0.410,+0.831,+0.225,+0.775,+0.187,+0.813,+0.818,+0.905,+17.030,+74.136,+9.000,+31.000,+0.100,+0.200,+0.300,+0.400,+0.100,+0.100,+0.200,+0.300,+0.400,+0.100,+103.637
1,62,+0.395,+0.808,+0.250,+0.750,+0.184,+0.816,+0.750,+0.857,+17.993,+79.750,+10.000,+30.000,+0.100,+0.200,+0.300,+0.400,+0.100,+0.100,+0.200,+0.300,+0.400,+0.100,+103.637
1,63,+0.474,+0.803,+0.250,+0.750,+0.224,+0.776,+0.947,+0.884,+21.869,+75.643,+10.000,+30.000,+0.100,+0.200,+0.300,+0.400,+0.100,+0.100,+0.200,+0.300,+0.400,+0.100,+103.637
1,64,+0.353,+0.864,+0.200,+0.800,+0.145,+0.855,+0.714,+0.936,+13.268,+78.142,+8.000,+32.000,+0.100,+0.200,+0.300,+0.400,+0.100,+0.100,+0.200,+0.300,+0.400,+0.100,+103.637
1,65,+0.434,+0.777,+0.300,+0.700,+0.241,+0.759,+0.762,+0.872,+20.927,+66.061,+12.000,+28.000,+0.100,+0.200,+0.300,+0.400,+0.100,+0.100,+0.200,+0.300,+0.400,+0.100,+103.637
1,66,+0.526,+0.721,+0.325,+0.675,+0.348,+0.652,+0.903,+0.837,+38.345,+71.742,+13.000,+27.000,+0.100,+0.200,+0.300,+0.400,+0.100,+0.100,+0.200,+0.300,+0.400,+0.100,+103.637
1,67,+0.486,+0.787,+0.300,+0.700,+0.243,+0.757,+0.917,+0.905,+24.141,+75.380,+12.000,+28.000,+0.100,+0.200,+0.300,+0.400,+0.100,+0.100,+0.200,+0.300,+0.400,+0.100,+103.637
1,68,+0.431,+0.798,+0.300,+0.700,+0.210,+0.790,+0.783,+0.905,+21.713,+81.872,+12.000,+28.000,+0.100,+0.200,+0.300,+0.400,+0.100,+0.100,+0.200,+0.300,+0.400,+0.100,+103.637
1,69,+0.468,+0.790,+0.275,+0.725,+0.283,+0.717,+0.846,+0.927,+27.893,+70.630,+11.000,+29.000,+0.100,+0.200,+0.300,+0.400,+0.100,+0.100,+0.200,+0.300,+0.400,+0.100,+103.637
1,70,+0.522,+0.720,+0.325,+0.675,+0.338,+0.662,+0.903,+0.824,+30.466,+59.800,+13.000,+27.000,+0.100,+0.200,+0.300,+0.400,+0.100,+0.100,+0.200,+0.300,+0.400,+0.100,+103.637
1,71,+0.407,+0.810,+0.250,+0.750,+0.171,+0.829,+0.800,+0.851,+18.627,+90.156,+10.000,+30.000,+0.100,+0.200,+0.300,+0.400,+0.100,+0.100,+0.200,+0.300,+0.400,+0.100,+103.637
1,72,+0.514,+0.752,+0.375,+0.625,+0.293,+0.707,+0.875,+0.923,+28.808,+69.413,+15.000,+25.000,+0.100,+0.200,+0.300,+0.400,+0.100,+0.100,+0.200,+0.300,+0.400,+0.100,+103.637
1,73,+0.453,+0.799,+0.275,+0.725,+0.252,+0.748,+0.833,+0.923,+26.913,+80.040,+11.000,+29.000,+0.100,+0.200,+0.300,+0.400,+0.100,+0.100,+0.200,+0.300,+0.400,+0.100,+103.637
1,74,+0.421,+0.789,+0.300,+0.700,+0.202,+0.798,+0.762,+0.870,+19.681,+77.754,+12.000,+28.000,+0.100,+0.200,+0.300,+0.400,+0.100,+0.100,+0.200,+0.300,+0.400,+0.100,+103.637
1,75,+0.430,+0.801,+0.300,+0.700,+0.227,+0.773,+0.762,+0.930,+20.544,+69.906,+12.000,+28.000,+0.100,+0.200,+0.300,+0.400,+0.100,+0.100,+0.200,+0.300,+0.400,+0.100,+103.637
1,76,+0.538,+0.706,+0.375,+0.625,+0.363,+0.637,+0.875,+0.857,+32.604,+57.115,+15.000,+25.000,+0.100,+0.200,+0.300,+0.400,+0.100,+0.100,+0.200,+0.300,+0.400,+0.100,+103.637
1,77,+0.474,+0.756,+0.350,+0.650,+0.239,+0.761,+0.833,+0.857,+23.894,+76.090,+14.000,+26.000,+0.100,+0.200,+0.300,+0.400,+0.100,+0.100,+0.200,+0.300,+0.400,+0.100,+103.637
1,78,+0.451,+0.793,+0.300,+0.700,+0.220,+0.780,+0.833,+0.900,+21.900,+77.770,+12.000,+28.000,+0.100,+0.200,+0.300,+0.400,+0.100,+0.100,+0.200,+0.300,+0.400,+0.100,+103.637
1,79,+0.446,+0.745,+0.350,+0.650,+0.237,+0.763,+0.750,+0.821,+21.393,+69.032,+14.000,+26.000,+0.100,+0.200,+0.300,+0.400,+0.100,+0.100,+0.200,+0.300,+0.400,+0.100,+103.637
2,0,+0.653,+0.558,+0.500,+0.500,+0.642,+0.358,+0.818,+0.815,+44.604,+24.849,+20.000,+20.000,+0.100,+0.200,+0.300,+0.400,+0.100,+0.100,+0.200,+0.300,+0.400,+0.100,+103.637
2,1,+0.699,+0.489,+0.625,+0.375,+0.691,+0.309,+0.780,+0.783,+47.318,+21.178,+25.000,+15.000,+0.100,+0.200,+0.300,+0.400,+0.100,+0.100,+0.200,+0.300,+0.400,+0.100,+103.637
2,2,+0.698,+0.476,+0.500,+0.500,+0.738,+0.262,+0.857,+0.667,+49.344,+17.505,+20.000,+20.000,+0.100,+0.200,+0.300,+0.400,+0.100,+0.100,+0.200,+0.300,+0.400,+0.100,+103.637
2,3,+0.743,+0.457,+0.525,+0.475,+0.810,+0.190,+0.894,+0.706,+66.094,+15.510,+21.000,+19.000,+0.100,+0.200,+0.300,+0.400,+0.100,+0.100,+0.200,+0.300,+0.400,+0.100,+103.637
2,4,+0.610,+0.597,+0.425,+0.575,+0.534,+0.466,+0.872,+0.750,+41.312,+36.080,+17.000,+23.000,+0.100,+0.200,+0.300,+0.400,+0.100,+0.100,+0.200,+0.300,+0.400,+0.100,+103.637
2,5,+0.562,+0.649,+0.400,+0.600,+0.452,+0.548,+0.833,+0.800,+41.566,+50.391,+16.000,+24.000,+0.100,+0.200,+0.300,+0.400,+0.100,+0.100,+0.200,+0.300,+0.400,+0.100,+103.637
2,6,+0.596,+0.650,+0.425,+0.575,+0.514,+0.486,+0.850,+0.889,+43.507,+41.121,+17.000,+23.000,+0.100,+0.200,+0.300,+0.400,+0.100,+0.100,+0.200,+0.300,+0.400,+0.100,+103.637
2,7,+0.542,+0.634,+0.400,+0.600,+0.498,+0.502,+0.727,+0.800,+36.459,+36.739,+16.000,+24.000,+0.100,+0.200,+0.300,+0.400,+0.100,+0.100,+0.200,+0.300,+0.400,+0.100,+103.637
2,8,+0.536,+0.679,+0.350,+0.650,+0.363,+0.637,+0.897,+0.750,+29.284,+51.410,+14.000,+26.000,+0.100,+0.200,+0.300,+0.400,+0.100,+0.100,+0.200,+0.300,+0.400,+0.100,+103.637
2,9,+0.568,+0.659,+0.425,+0.575,+0.397,+0.603,+0.882,+0.800,+32.014,+48.718,+17.000,+23.000,+0.100,+0.200,+0.300,+0.400,+0.100,+0.100,+0.200,+0.300,+0.400,+0.100,+103.637
2,10,+0.574,+0.601,+0.400,+0.600,+0.489,+0.511,+0.833,+0.692,+37.517,+39.245,+16.000,+24.000,+0.100,+0.200,+0.300,+0.400,+0.100,+0.100,+0.200,+0.300,+0.400,+0.100,+103.637
2,11,+0.503,+0.715,+0.325,+0.675,+0.349,+0.651,+0.833,+0.821,+28.867,+53.737,+13.000,+27.000,+0.100,+0.200,+0.300,+0.400,+0.100,+0.100,+0.200,+0.300,+0.400,+0.100,+103.637
2,12,+0.536,+0.668,+0.375,+0.625,+0.396,+0.604,+0.839,+0.774,+34.513,+52.748,+15.000,+25.000,+0.100,+0.200,+0.300,+0.400,+0.100,+0.100,+0.200,+0.300,+0.400,+0.100,+103.637
2,13,+0.578,+0.612,+0.475,+0.525,+0.438,+0.562,+0.821,+0.750,+40.828,+52.309,+19.000,+21.000,+0.100,+0.200,+0.300,+0.400,+0.100,+0.100,+0.200,+0.300,+0.400,+0.100,+103.637
2,14,+0.515,+0.708,+0.375,+0.625,+0.359,+0.641,+0.812,+0.857,+35.548,+63.552,+15.000,+25.000,+0.100,+0.200,+0.300,+0.400,+0.100,+0.100,+0.200,+0.300,+0.400,+0.100,+103.637
2,15,+0.504,+0.741,+0.350,+0.650,+0.335,+0.665,+0.828,+0.909,+29.567,+58.734,+14.000,+26.000,+0.100,+0.200,+0.300,+0.400,+0.100,+0.100,+0.200,+0.300,+0.400,+0.100,+103.637
2,16,+0.522,+0.702,+0.350,+0.650,+0.377,+0.623,+0.839,+0.833,+33.931,+56.173,+14.000,+26.000,+0.100,+0.200,+0.300,+0.400,+0.100,+0.100,+0.200,+0.300,+0.400,+0.100,+103.637
2,17,+0.528,+0.695,+0.350,+0.650,+0.366,+0.634,+0.867,+0.800,+36.581,+63.299,+14.000,+26.000,+0.100,+0.200,+0.300,+0.400,+0.100,+0.100,+0.200,+0.300,+0.400,+0.100,+103.637
2,18,+0.497,+0.765,+0.300,+0.700,+0.311,+0.689,+0.880,+0.905,+30.801,+68.172,+12.000,+28.000,+0.100,+0.200,+0.300,+0.400,+0.100,+0.100,+0.200,+0.300,+0.400,+0.100,+103.637
2,19,+0.447,+0.760,+0.300,+0.700,+0.321,+0.679,+0.720,+0.900,+24.722,+52.335,+12.000,+28.000,+0.100,+0.200,+0.300,+0.400,+0.100,+0.100,+0.200,+0.300,+0.400,+0.100,+103.637
2,20,+0.461,+0.785,+0.275,+0.725,+0.275,+0.725,+0.833,+0.905,+23.995,+63.163,+11.000,+29.000,+0.100,+0.200,+0.300,+0.400,+0.100,+0.100,+0.200,+0.300,+0.400,+0.100,+103.637
2,21,+0.522,+0.714,+0.375,+0.625,+0.379,+0.621,+0.812,+0.895,+33.049,+54.214,+15.000,+25.000,+0.100,+0.200,+0.300,+0.400,+0.100,+0.100,+0.200,+0.300,+0.400,+0.100,+103.637
2,22,+0.449,+0.754,+0.325,+0.675,+0.307,+0.693,+0.714,+0.895,+25.209,+57.004,+13.000,+27.000,+0.100,+0.200,+0.300,+0.400,+0.100,+0.100,+0.200,+0.300,+0.400,+0.100,+103.637
2,23,+0.463,+0.781,+0.275,+0.725,+0.281,+0.719,+0.833,+0.900,+22.813,+58.236,+11.000,+29.000,+0.100,+0.200,+0.300,+0.400,+0.100,+0.100,+0.200,+0.300,+0.400,+0.100,+103.637
2,24,+0.505,+0.697,+0.350,+0.650,+0.380,+0.620,+0.786,+0.821,+31.013,+50.673,+14.000,+26.000,+0.100,+0.200,+0.300,+0.400,+0.100,+0.100,+0.200,+0.300,+0.400,+0.100,+103.637
2,25,+0.482,+0.751,+0.325,+0.675,+0.264,+0.736,+0.857,+0.842,+24.176,+67.274,+13.000,+27.000,+0.100,+0.200,+0.300,+0.400,+0.100,+0.100,+0.200,+0.300,+0.400,+0.100,+103.637
2,26,+0.399,+0.844,+0.250,+0.750,+0.148,+0.852,+0.800,+0.930,+15.141,+86.926,+10.000,+30.000,+0.100,+0.200,+0.300,+0.400,+0.100,+0.100,+0.200,+0.300,+0.400,+0.100,+103.637
2,27,+0.503,+0.752,+0.300,+0.700,+0.328,+0.672,+0.880,+0.882,+36.532,+74.988,+12.000,+28.000,+0.100,+0.200,+0.300,+0.400,+0.100,+0.100,+0.200,+0.300,+0.400,+0.100,+103.637
2,28,+0.440,+0.778,+0.275,+0.725,+0.264,+0.736,+0.783,+0.872,+21.808,+60.878,+11.000,+29.000,+0.100,+0.200,+0.300,+0.400,+0.100,+0.100,+0.200,+0.300,+0.400,+0.100,+103.637
2,29,+0.477,+0.774,+0.275,+0.725,+0.248,+0.752,+0.909,+0.844,+29.241,+88.848,+11.000,+29.000,+0.100,+0.200,+0.300,+0.400,+0.100,+0.100,+0.200,+0.300,+0.400,+0.100,+103.637
2,30,+0.398,+0.830,+0.250,+0.750,+0.182,+0.818,+0.762,+0.923,+17.549,+78.685,+10.000,+30.000,+0.100,+0.200,+0.300,+0.400,+0.100,+0.100,+0.200,+0.300,+0.400,+0.100,+103.637
2,31,+0.361,+0.800,+0.250,+0.750,+0.167,+0.833,+0.667,+0.816,+17.368,+86.399,+10.000,+30.000,+0.100,+0.200,+0.300,+0.400,+0.100,+0.100,+0.200,+0.300,+0.400,+0.100,+103.637
2,32,+0.405,+0.818,+0.225,+0.775,+0.191,+0.809,+0.800,+0.870,+20.411,+86.542,+9.000,+31.000,+0.100,+0.200,+0.300,+0.400,+0.100,+0.100,+0.200,+0.300,+0.400,+0.100,+103.637
2,33,+0.407,+0.813,+0.250,+0.750,+0.170,+0.830,+0.800,+0.857,+14.232,+69.734,+10.000,+30.000,+0.100,+0.200,+0.300,+0.400,+0.100,+0.100,+0.200,+0.300,+0.400,+0.100,+103.637
2,34,+0.508,+0.726,+0.300,+0.700,+0.355,+0.645,+0.870,+0.833,+27.030,+49.130,+12.000,+28.000,+0.100,+0.200,+0.300,+0.400,+0.100,+0.100,+0.200,+0.300,+0.400,+0.100,+103.637
2,35,+0.390,+0.853,+0.175,+0.825,+0.139,+0.861,+0.857,+0.873,+13.054,+80.653,+7.000,+33.000,+0.100,+0.200,+0.300,+0.400,+0.100,+0.100,+0.200,+0.300,+0.400,+0.100,+103.637
2,36,+0.389,+0.828,+0.250,+0.750,+0.180,+0.820,+0.737,+0.913,+16.138,+73.718,+10.000,+30.000,+0.100,+0.200,+0.300,+0.400,+0.100,+0.100,+0.200,+0.300,+0.400,+0.100,+103.637
2,37,+0.414,+0.799,+0.250,+0.750,+0.230,+0.770,+0.762,+0.878,+22.891,+76.808,+10.000,+30.000,+0.100,+0.200,+0.300,+0.400,+0.100,+0.100,+0.200,+0.300,+0.400,+0.100,+103.637
2,38,+0.355,+0.878,+0.150,+0.850,+0.115,+0.885,+0.800,+0.898,+11.914,+91.825,+6.000,+34.000,+0.100,+0.200,+0.300,+0.400,+0.100,+0.100,+0.200,+0.300,+0.400,+0.100,+103.637
2,39,+0.401,+0.821,+0.200,+0.800,+0.226,+0.774,+0.778,+0.889,+19.137,+65.539,+8.000,+32.000,+0.100,+0.200,+0.300,+0.400,+0.100,+0.100,+0.200,+0.300,+0.400,+0.100,+103.637
2,40,+0.472,+0.768,+0.250,+0.750,+0.296,+0.704,+0.870,+0.850,+27.614,+65.690,+10.000,+30.000,+0.100,+0.200,+0.300,+0.400,+0.100,+0.100,+0.200,+0.300,+0.400,+0.100,+103.637
2,41,+0.439,+0.779,+0.275,+0.725,+0.260,+0.740,+0.783,+0.872,+23.112,+65.658,+11.000,+29.000,+0.100,+0.200,+0.300,+0.400,+0.100,+0.100,+0.200,+0.300,+0.400,+0.100,+103.637
2,42,+0.379,+0.807,+0.200,+0.800,+0.159,+0.841,+0.778,+0.780,+16.301,+86.082,+8.000,+32.000,+0.100,+0.200,+0.300,+0.400,+0.100,+0.100,+0.200,+0.300,+0.400,+0.100,+103.637
2,43,+0.431,+0.823,+0.225,+0.775,+0.211,+0.789,+0.857,+0.905,+22.496,+84.025,+9.000,+31.000,+0.100,+0.200,+0.300,+0.400,+0.100,+0.100,+0.200,+0.300,+0.400,+0.100,+103.637
2,44,+0.484,+0.728,+0.300,+0.700,+0.306,+0.694,+0.846,+0.791,+31.817,+72.003,+12.000,+28.000,+0.100,+0.200,+0.300,+0.400,+0.100,+0.100,+0.200,+0.300,+0.400,+0.100,+103.637
2,45,+0.520,+0.720,+0.375,+0.625,+0.329,+0.671,+0.857,+0.865,+29.418,+60.098,+15.000,+25.000,+0.100,+0.200,+0.300,+0.400,+0.100,+0.100,+0.200,+0.300,+0.400,+0.100,+103.637
2,46,+0.430,+0.790,+0.250,+0.750,+0.223,+0.777,+0.818,+0.842,+22.671,+78.891,+10.000,+30.000,+0.100,+0.200,+0.300,+0.400,+0.100,+0.100,+0.200,+0.300,+0.400,+0.100,+103.637
2,47,+0.430,+0.802,+0.250,+0.750,+0.221,+0.779,+0.818,+0.878,+19.751,+69.561,+10.000,+30.000,+0.100,+0.200,+0.300,+0.400,+0.100,+0.100,+0.200,+0.300,+0.400,+0.100,+103.637
2,48,+0.550,+0.709,+0.375,+0.625,+0.379,+0.621,+0.897,+0.882,+38.192,+62.586,+15.000,+25.000,+0.100,+0.200,+0.300,+0.400,+0.100,+0.100,+0.200,+0.300,+0.400,+0.100,+103.637
2,49,+0.553,+0.659,+0.400,+0.600,+0.410,+0.590,+0.848,+0.786,+33.921,+48.832,+16.000,+24.000,+0.100,+0.200,+0.300,+0.400,+0.100,+0.100,+0.200,+0.300,+0.400,+0.100,+103.637
2,50,+0.554,+0.691,+0.350,+0.650,+0.403,+0.597,+0.909,+0.828,+39.521,+58.472,+14.000,+26.000,+0.100,+0.200,+0.300,+0.400,+0.100,+0.100,+0.200,+0.300,+0.400,+0.100,+103.637
2,51,+0.513,+0.746,+0.275,+0.725,+0.330,+0.670,+0.933,+0.842,+33.532,+68.060,+11.000,+29.000,+0.100,+0.200,+0.300,+0.400,+0.100,+0.100,+0.200,+0.300,+0.400,+0.100,+103.637
2,52,+0.519,+0.705,+0.325,+0.675,+0.392,+0.608,+0.839,+0.833,+33.668,+52.248,+13.000,+27.000,+0.100,+0.200,+0.300,+0.400,+0.100,+0.100,+0.200,+0.300,+0.400,+0.100,+103.637
2,53,+0.525,+0.704,+0.325,+0.675,+0.342,+0.658,+0.909,+0.778,+31.584,+60.831,+13.000,+27.000,+0.100,+0.200,+0.300,+0.400,+0.100,+0.100,+0.200,+0.300,+0.400,+0.100,+103.637
2,54,+0.497,+0.743,+0.325,+0.675,+0.318,+0.682,+0.848,+0.872,+30.643,+65.836,+13.000,+27.000,+0.100,+0.200,+0.300,+0.400,+0.100,+0.100,+0.200,+0.300,+0.400,+0.100,+103.637
2,55,+0.538,+0.691,+0.300,+0.700,+0.439,+0.561,+0.875,+0.812,+39.611,+50.623,+12.000,+28.000,+0.100,+0.200,+0.300,+0.400,+0.100,+0.100,+0.200,+0.300,+0.400,+0.100,+103.637
2,56,+0.599,+0.636,+0.400,+0.600,+0.504,+0.496,+0.895,+0.812,+44.553,+43.910,+16.000,+24.000,+0.100,+0.200,+0.300,+0.400,+0.100,+0.100,+0.200,+0.300,+0.400,+0.100,+103.637
2,57,+0.533,+0.707,+0.350,+0.650,+0.401,+0.599,+0.848,+0.872,+38.550,+57.661,+14.000,+26.000,+0.100,+0.200,+0.300,+0.400,+0.100,+0.100,+0.200,+0.300,+0.400,+0.100,+103.637
2,58,+0.539,+0.702,+0.350,+0.650,+0.454,+0.546,+0.812,+0.909,+42.566,+51.128,+14.000,+26.000,+0.100,+0.200,+0.300,+0.400,+0.100,+0.100,+0.200,+0.300,+0.400,+0.100,+103.637
2,59,+0.630,+0.613,+0.425,+0.575,+0.582,+0.418,+0.884,+0.846,+49.268,+35.413,+17.000,+23.000,+0.100,+0.200,+0.300,+0.400,+0.100,+0.100,+0.200,+0.300,+0.400,+0.100,+103.637
2,60,+0.516,+0.728,+0.325,+0.675,+0.342,+0.658,+0.882,+0.850,+37.682,+72.638,+13.000,+27.000,+0.100,+0.200,+0.300,+0.400,+0.100,+0.100,+0.200,+0.300,+0.400,+0.100,+103.637
2,61,+0.565,+0.673,+0.375,+0.625,+0.438,+0.562,+0.882,+0.833,+42.866,+55.035,+15.000,+25.000,+0.100,+0.200,+0.300,+0.400,+0.100,+0.100,+0.200,+0.300,+0.400,+0.100,+103.637
2,62,+0.505,+0.724,+0.350,+0.650,+0.336,+0.664,+0.828,+0.857,+26.114,+51.576,+14.000,+26.000,+0.100,+0.200,+0.300,+0.400,+0.100,+0.100,+0.200,+0.300,+0.400,+0.100,+103.637
2,63,+0.575,+0.649,+0.400,+0.600,+0.478,+0.522,+0.848,+0.824,+48.188,+52.729,+16.000,+24.000,+0.100,+0.200,+0.300,+0.400,+0.100,+0.100,+0.200,+0.300,+0.400,+0.100,+103.637
2,64,+0.553,+0.663,+0.350,+0.650,+0.471,+0.529,+0.839,+0.811,+39.658,+44.570,+14.000,+26.000,+0.100,+0.200,+0.300,+0.400,+0.100,+0.100,+0.200,+0.300,+0.400,+0.100,+103.637
2,65,+0.530,+0.711,+0.350,+0.650,+0.373,+0.627,+0.867,+0.857,+37.831,+63.541,+14.000,+26.000,+0.100,+0.200,+0.300,+0.400,+0.100,+0.100,+0.200,+0.300,+0.400,+0.100,+103.637
2,66,+0.529,+0.675,+0.400,+0.600,+0.362,+0.638,+0.824,+0.788,+36.188,+63.690,+16.000,+24.000,+0.100,+0.200,+0.300,+0.400,+0.100,+0.100,+0.200,+0.300,+0.400,+0.100,+103.637
2,67,+0.539,+0.685,+0.375,+0.625,+0.405,+0.595,+0.839,+0.833,+34.805,+51.207,+15.000,+25.000,+0.100,+0.200,+0.300,+0.400,+0.100,+0.100,+0.200,+0.300,+0.400,+0.100,+103.637
2,68,+0.590,+0.653,+0.450,+0.550,+0.449,+0.551,+0.872,+0.857,+40.623,+49.915,+18.000,+22.000,+0.100,+0.200,+0.300,+0.400,+0.100,+0.100,+0.200,+0.300,+0.400,+0.100,+103.637
2,69,+0.586,+0.682,+0.475,+0.525,+0.401,+0.599,+0.882,+0.923,+34.025,+50.866,+19.000,+21.000,+0.100,+0.200,+0.300,+0.400,+0.100,+0.100,+0.200,+0.300,+0.400,+0.100,+103.637
2,70,+0.560,+0.707,+0.350,+0.650,+0.432,+0.568,+0.897,+0.903,+38.934,+51.184,+14.000,+26.000,+0.100,+0.200,+0.300,+0.400,+0.100,+0.100,+0.200,+0.300,+0.400,+0.100,+103.637
2,71,+0.505,+0.692,+0.425,+0.575,+0.331,+0.669,+0.759,+0.833,+28.722,+58.080,+17.000,+23.000,+0.100,+0.200,+0.300,+0.400,+0.100,+0.100,+0.200,+0.300,+0.400,+0.100,+103.637
2,72,+0.587,+0.647,+0.400,+0.600,+0.487,+0.513,+0.875,+0.828,+35.694,+37.638,+16.000,+24.000,+0.100,+0.200,+0.300,+0.400,+0.100,+0.100,+0.200,+0.300,+0.400,+0.100,+103.637
2,73,+0.502,+0.733,+0.350,+0.650,+0.300,+0.700,+0.857,+0.848,+25.630,+59.939,+14.000,+26.000,+0.100,+0.200,+0.300,+0.400,+0.100,+0.100,+0.200,+0.300,+0.400,+0.100,+103.637
2,74,+0.507,+0.708,+0.375,+0.625,+0.331,+0.669,+0.815,+0.829,+31.798,+64.288,+15.000,+25.000,+0.100,+0.200,+0.300,+0.400,+0.100,+0.100,+0.200,+0.300,+0.400,+0.100,+103.637
2,75,+0.509,+0.706,+0.400,+0.600,+0.338,+0.662,+0.788,+0.857,+33.692,+66.015,+16.000,+24.000,+0.100,+0.200,+0.300,+0.400,+0.100,+0.100,+0.200,+0.300,+0.400,+0.100,+103.637
2,76,+0.532,+0.702,+0.350,+0.650,+0.358,+0.642,+0.889,+0.812,+28.794,+51.704,+14.000,+26.000,+0.100,+0.200,+0.300,+0.400,+0.100,+0.100,+0.200,+0.300,+0.400,+0.100,+103.637
2,77,+0.598,+0.674,+0.400,+0.600,+0.454,+0.546,+0.941,+0.875,+37.726,+45.406,+16.000,+24.000,+0.100,+0.200,+0.300,+0.400,+0.100,+0.100,+0.200,+0.300,+0.400,+0.100,+103.637
2,78,+0.613,+0.621,+0.450,+0.550,+0.486,+0.514,+0.905,+0.800,+50.629,+53.629,+18.000,+22.000,+0.100,+0.200,+0.300,+0.400,+0.100,+0.100,+0.200,+0.300,+0.400,+0.100,+103.637
2,79,+0.593,+0.667,+0.425,+0.575,+0.440,+0.560,+0.914,+0.867,+39.970,+50.922,+17.000,+23.000,+0.100,+0.200,+0.300,+0.400,+0.100,+0.100,+0.200,+0.300,+0.400,+0.100,+103.637
